McID,UUID,Star,Win,Loss,FK,FD,Kill,Death,BB,BL,Iron,Gold,Dia,Eme,Ws,WLR,FKDR,KDR,BBLR
oBedless,646621aaed1b1f213dd31935,238,1257,682,5036,719,3880,6081,3205,962,533559,57927,10130,3003,0,1.84,7.0,0.64,3.33
oPxgeon,61a10fdaece6d7605433af52,43,114,591,426,587,1039,2447,311,558,103125,11516,718,331,1,0.19,0.73,0.42,0.56
Violetlin,58b3f466d005d6a6f1babd49,143,842,1974,2225,1880,7031,10439,889,1933,513862,75098,12343,6636,1,0.43,1.18,0.67,0.46
m9rko,5bf15b590691cfdb1714726e,56,199,834,930,821,3660,4351,478,842,181013,28212,3993,1979,0,0.24,1.13,0.84,0.57
0x,56af184b3a2909b5add55ae8,30,391,305,1834,329,2103,2618,891,374,129512,16928,1198,812,3,1.28,5.57,0.8,2.38
Gokiton,607e8735a247714526082b21,162,1197,1242,1895,1333,5279,8886,788,1379,421219,44357,2393,1360,0,0.96,1.42,0.59,0.57
Gokiton,607e8735a247714526082b21,162,1197,1242,1895,1333,5279,8886,788,1379,421219,44357,2393,1360,0,0.96,1.42,0.59,0.57
Fuukuu,5e9cee88cf6ea346e014267f,43,110,1361,676,1349,2032,4972,609,1360,165968,26002,3295,2984,0,0.08,0.5,0.41,0.45
Indigest,6592abb3ed1b1f213d06758d,9,28,29,196,30,168,230,117,37,13922,2629,419,100,1,0.97,6.53,0.73,3.16
xKarmq_jp,63b40112ed1b1f213d14935c,224,1221,2876,2553,2987,6449,11594,764,2906,989516,99153,8254,3242,2,0.42,0.85,0.56,0.26
valyh,6157022d941308034e830024,381,2311,1878,7166,2053,9909,14010,2847,2288,1239543,134298,13992,4517,0,1.23,3.49,0.71,1.24
Sodium_RM,5f871a5133b2baa3f8857144,236,880,1090,2235,1108,6615,9057,808,1118,640008,70157,11084,7828,3,0.81,2.02,0.73,0.72
LeVape,63727741941308034edcc53c,128,1350,218,5297,241,5045,5236,2217,359,341943,41416,5630,2162,0,6.19,21.98,0.96,6.18
Pvrpleflare,5eb318845af71ee9c462fd8d,95,474,442,2024,454,1794,2773,1401,556,202454,27171,4707,2066,2,1.07,4.46,0.65,2.52
ItzMrCow,5ebb0bd5cf6ea346e022a880,536,3607,2916,16811,2913,22158,25449,10619,3610,1185918,190345,35159,14267,0,1.24,5.77,0.87,2.94
Subobus,5c5b11cc2bdd021de75aa79a,214,888,2422,3317,2270,10430,10639,1690,2424,685011,89868,13889,6193,3,0.37,1.46,0.98,0.7
x_LE0N_x,5dd56c70de84451635a66c43,70,299,1581,1272,1563,3436,5421,969,1583,321325,37273,4034,3048,0,0.19,0.81,0.63,0.61
Hacker0711,5e4d6511ccd91ee794fc8515,23,114,520,485,511,1182,2186,420,505,111630,13127,2080,895,0,0.22,0.95,0.54,0.83
ItsNotch_404,56e966e5c3459c70d7fcce49,467,2115,1877,3634,1928,8614,14896,1337,2048,1151209,147432,32689,11976,0,1.13,1.88,0.58,0.65
3Pink,5f85da397bd87ce97da6c4ae,443,4395,4422,9846,4683,13347,32289,4659,4943,1598162,191919,15484,6919,0,0.99,2.1,0.41,0.94
_F_E,5752e5dbfe8b4c145850566b,166,231,3607,1461,3463,5558,9693,898,3485,482411,64967,10927,4429,0,0.06,0.42,0.57,0.26
Hertareum,52ea07b084ae6c136d0745b8,314,1676,1258,6356,1248,15149,8364,3403,1532,876664,161712,38695,30351,1,1.33,5.09,1.81,2.22
0Jungo,5fba63a70911aa79f33de894,187,516,3825,3458,3302,6176,9396,3654,3342,605759,88771,13773,9630,0,0.13,1.05,0.66,1.09
XelaRoz,634f80e2941308034e029ff3,19,50,436,160,442,640,1027,87,415,97838,9802,1615,1611,0,0.11,0.36,0.62,0.21
Romans,5e339dae33b2baa3f8efccba,230,711,361,2104,423,2857,3565,1019,543,222168,30161,3221,1676,0,1.97,4.97,0.8,1.88
JE55ICA,5eacf32a6d0493774c3e42df,1008,3008,4172,6340,4288,14487,26010,3016,4612,2103902,251984,51831,20387,0,0.72,1.48,0.56,0.65
Itzmy,5b7802e5388f031aa1930ea3,180,941,2051,3461,2078,5421,9200,2482,2201,612420,70620,9828,3118,0,0.46,1.67,0.59,1.13
IcedW,5e30734246bae398f287d6b8,304,3017,3692,10475,3858,14919,24212,5644,4297,966150,154392,8228,6395,6,0.82,2.72,0.62,1.31
kfc4,617a0f99941308034e544364,388,2269,5496,10455,5410,18746,23029,6939,5222,1427467,181474,24554,12617,0,0.41,1.93,0.81,1.33
cha_ray_,5ce7c9e5ae79a85ea5159c57,87,290,1541,766,1512,2784,5479,588,1529,334366,42442,6026,3409,1,0.19,0.51,0.51,0.38
2_Bad,5f4a721f67657b214dd3647f,59,207,1399,997,1411,2537,5174,707,1416,242271,32659,2586,1243,0,0.15,0.71,0.49,0.5
Borokoso,5d84993fa7311ea8978d6cf2,6,8,34,18,34,48,52,6,34,11247,1495,249,48,0,0.24,0.53,0.92,0.18
ExPoi,5e8498282c51ea72116c62b2,667,3233,1891,11824,2032,29782,23509,3602,2435,1176154,160309,24928,17559,0,1.71,5.82,1.27,1.48
Falna,52e377950cf2187e8c4900a5,144,1001,528,1403,621,2293,3521,514,746,345900,43317,11573,3991,4,1.9,2.26,0.65,0.69
Daufin,5e0f28a71350339c5ab324df,242,1259,2647,2685,2616,6987,11685,1284,2659,551428,67636,7225,4157,0,0.48,1.03,0.6,0.48
Get,5415c00448b8f1e1e64650ec,43,261,213,974,218,1209,1367,507,245,82911,12152,1802,880,1,1.23,4.47,0.88,2.07
Rubus_Calculum,60351cb467dc42da8c5f69a1,89,125,852,256,836,1337,2466,134,821,201043,23366,3930,995,0,0.15,0.31,0.54,0.16
Giftrank,62247e08ed1b1f213d010b39,48,107,197,580,201,855,1075,372,213,77375,8952,1919,415,0,0.54,2.89,0.8,1.75
Srauex,57df8a924a919d64d760e6e2,8,19,121,51,120,348,395,16,120,25684,3611,832,200,1,0.16,0.42,0.88,0.13
RussianFox,63c1ac6b45494b1a79c2ee42,67,449,865,2424,870,3915,2987,1861,1042,356490,45975,14337,7628,2,0.52,2.79,1.31,1.79
Puntzakje,618ec2a9ece6d76054ffd21c,186,514,1001,1956,1019,3804,4059,1142,1067,311106,40838,9172,2703,0,0.51,1.92,0.94,1.07
Siicke,5cf4bf64ae79a85ea5d332f9,9,46,128,89,141,406,463,61,138,37428,4215,632,379,0,0.36,0.63,0.88,0.44
oDoink,5e9a5b1c46bae398f25a3973,15,52,130,210,130,477,404,106,141,31251,4449,1178,326,0,0.4,1.62,1.18,0.75
xLmn_,62ab5cb0941308034e96398c,262,3039,2147,10959,2285,10245,19893,6435,2661,1199709,151851,18992,8731,0,1.42,4.8,0.52,2.42
Love_Nahida,63a5768aed1b1f213d458da4,147,1011,920,4459,971,7454,4592,1237,1090,497457,57994,7147,5162,0,1.1,4.59,1.62,1.13
ModernLegendsLP,5a9efc9071b30c60a717f964,2099,15178,6444,55455,6888,59764,63704,30988,9117,5257423,800701,166488,47419,0,2.36,8.05,0.94,3.4
Lukaid,64f4ec9aed1b1f213d543573,104,230,457,701,460,1159,2153,557,346,122536,13524,1385,795,0,0.5,1.52,0.54,1.61
ggyoulost,58e71f335d870ddd8a42fa4f,371,2003,5018,8239,4725,15622,18397,7631,5360,1236875,211772,32843,17208,2,0.4,1.74,0.85,1.42
PlasticGerm8702,5ad0c143388f031aa120e6c7,587,2533,5075,14536,5043,20325,29304,8344,5391,1787365,239609,57965,18924,0,0.5,2.88,0.69,1.55
kCrazybrotherk,617ccef5fb091d740bda584c,330,3097,2530,7121,2636,11436,19789,3094,2719,1170379,126504,21231,11012,2,1.22,2.7,0.58,1.14
winterTrackk,5fc4409233b2baa3f8b8d8e7,186,1210,2128,5326,2045,10471,9548,3430,2337,733957,120529,25555,6007,0,0.57,2.6,1.1,1.47
ItzLarry,657e42c4941308034e8709a4,31,180,121,411,126,518,634,182,129,45205,4003,359,914,0,1.49,3.26,0.82,1.41
FmaT_T,59c3c3e23564358547516e05,933,6707,6508,16822,6772,21575,45157,8009,7415,2577865,335024,33091,21387,0,1.03,2.48,0.48,1.08
Chimaal,60aaa44fa2477145261ec688,197,781,7323,5091,6973,14857,25190,3856,6540,1264181,159927,10746,8216,0,0.11,0.73,0.59,0.59
MR__MEE6,57af4bec4a919d64d77caab1,171,856,1161,2181,1189,5847,11187,1305,1219,342302,47651,4410,3316,1,0.74,1.83,0.52,1.07
kbwoo1302,5f410ae967657b214d6c7750,33,119,363,392,374,1413,2120,192,380,113840,14328,1701,1097,0,0.33,1.05,0.67,0.51
Creep_Hyp,5cbd5af838200698db28e3b6,1206,17500,4393,56800,4636,46442,70242,26487,5954,4096498,603395,68951,28004,0,3.98,12.25,0.66,4.45
Mealieh,5b0d3368388f031aa1ea3703,353,2033,3531,4399,3700,6715,15310,2178,3853,1012597,130350,5133,3126,0,0.58,1.19,0.44,0.57
Katteris,62221d3d5404acc20b1155a1,59,753,28,3075,35,2056,1503,1728,54,121501,17484,2517,431,0,26.89,87.86,1.37,32.0
Nyael,58a81000d005d6a6f1545fe2,1173,13337,2574,32310,2811,32011,65574,12813,3753,4006780,458973,53322,23564,0,5.18,11.49,0.49,3.41
MrLad,600beeec1350339c5aa7b95c,14,14,191,32,188,234,208,21,186,65999,6399,307,200,0,0.07,0.17,1.12,0.11
Azz4,6411b320941308034e1fa10a,21,118,525,297,526,387,1537,262,425,99129,10447,1254,500,0,0.22,0.56,0.25,0.62
supernika123,5a49f943388f031aa14d26a7,721,4798,6037,23117,6289,30176,33105,13054,7274,2275756,316438,31535,16107,0,0.79,3.68,0.91,1.79
Dian_Lu,544bf08648b8f1e1e64c2176,262,1853,2628,6884,2672,17031,16335,3072,2952,942705,133893,11549,7991,2,0.71,2.58,1.04,1.04
RayChen1105,5edc46255af71ee9c4ba8f87,1145,11509,6238,39325,6795,40524,57351,17955,8290,3776646,501094,83182,20626,0,1.84,5.79,0.71,2.17
pisrq,5c15df3e2bdd021de782467a,181,807,3641,2669,3142,3942,12092,2080,3120,527295,88042,7569,2957,0,0.22,0.85,0.33,0.67
Luroz,64e89a36d908bd580915ca75,116,244,167,1160,177,1247,1384,690,242,114287,13262,2645,1080,0,1.46,6.55,0.9,2.85
SolyTerre_,51ee71180cf22d6d38c64e8c,2093,20333,3214,70520,3642,50756,84194,38328,6267,5037708,804827,140315,46587,0,6.33,19.36,0.6,6.12
Subobus,5c5b11cc2bdd021de75aa79a,214,889,2422,3319,2270,10431,10641,1690,2424,685100,89873,13889,6193,3,0.37,1.46,0.98,0.7
Xo_Ko,5e1312185eb0c37f135e75fd,199,746,5551,3924,5554,11936,22117,2424,5322,967374,136070,12723,5746,1,0.13,0.71,0.54,0.46
mcpl_Penguin,61e206f2fb091d740b912e05,71,148,1546,784,1550,2627,4260,581,1516,341343,40399,7186,2942,2,0.1,0.51,0.62,0.38
sNyGgArE,5bf1043a0691cfdb179dfe41,72,333,967,1376,923,2624,3663,867,932,268675,36075,5145,2340,5,0.34,1.49,0.72,0.93
teun157,518cf9430cf233e0c5850fa8,45,171,551,363,557,2125,1669,102,560,200842,26887,5711,3111,1,0.31,0.65,1.27,0.18
_Xiong_,63e87b17941308034e7755dc,390,2255,348,6703,405,5522,7425,2510,584,493546,67812,9377,3125,0,6.48,16.55,0.74,4.3
jenseno7,56dc81c08e5fe3f6b1bbf8aa,128,371,2183,869,2158,4773,7794,458,2167,467714,66145,7149,2252,0,0.17,0.4,0.61,0.21
l_q,5f5929817bd87ce97d1e8440,291,2412,1627,9708,1725,11092,16097,7188,2242,944761,133470,12899,5294,3,1.48,5.63,0.69,3.21
Minuko,5ded35d8de84451635c0ac03,176,430,1040,704,1060,3648,3285,216,1132,408636,52177,13489,4355,1,0.41,0.66,1.11,0.19
Ian7896,657a165eed1b1f213dda0b6e,4,14,8,71,8,29,56,67,10,6218,698,44,14,3,1.75,8.88,0.52,6.7
Bruisings,5fe658a47bd87ce97d881f63,229,1358,2744,5870,2418,9229,14215,3458,2465,711887,96046,11375,5574,29,0.49,2.43,0.65,1.4
fatherfetus,5bde4f7c0691cfdb172123d0,584,5696,5043,22328,5303,25795,38379,11077,6239,2150292,317742,38355,20391,0,1.13,4.21,0.67,1.78
sassy_pigeon,5993364335643585478a07c7,48,153,1564,604,1462,2856,5931,414,1470,267769,38777,5072,2031,0,0.1,0.41,0.48,0.28
DrumsKRX8958,602e5133a247714526f540b0,25,43,876,228,842,893,1594,188,835,117406,14966,2073,1206,0,0.05,0.27,0.56,0.23
PPakf,5504f6e282aad7922ae6a4d3,19,93,299,120,301,694,1453,86,300,48717,6424,738,912,0,0.31,0.4,0.48,0.29
ltyzzz,622e129e5404acc20bae2a3e,68,857,563,511,622,1698,2385,53,648,258967,26988,7102,2104,3,1.52,0.82,0.71,0.08
KITTYqloss,5d8f362ba7b1d2d9e66c8856,73,977,986,2481,910,2559,4991,995,683,313827,35116,1533,1082,0,0.99,2.73,0.51,1.46
ooCrazy,5e81cb8146bae398f26b96e4,278,1234,980,2971,1016,5844,6054,1196,1159,439033,50007,6900,2049,0,1.26,2.92,0.97,1.03
pursuiter911,5e2a0c82a7311ea897e75cf6,231,389,2120,2633,2084,8922,9970,1261,2128,573194,73691,9163,5788,0,0.18,1.26,0.89,0.59
Truthahnkuschel,60d33a51a24771452641a2ea,507,3473,943,12456,1033,10893,14233,5099,1408,967297,120122,12250,7163,0,3.68,12.06,0.77,3.62
MobbleYT,644eab4ded1b1f213de493ba,123,515,2079,1554,2094,3839,5798,1189,1769,418422,42594,4944,1727,0,0.25,0.74,0.66,0.67
Beautyqueen11,5cbb298ae2e3d88219261cbf,265,560,4657,3005,4476,10632,16819,2196,4554,896032,143331,26875,11491,0,0.12,0.67,0.63,0.48
JustMeloun,5abf4ff2388f031aa1835533,189,543,1583,2209,1524,7354,8185,1026,1535,491391,70485,11152,5033,1,0.34,1.45,0.9,0.67
BedMiner,5ff3d04d1350339c5af06afb,224,1486,1284,2747,1304,5167,8302,1207,1340,343377,35160,2291,1826,0,1.16,2.11,0.62,0.9
Gokiton,607e8735a247714526082b21,162,1197,1242,1895,1333,5279,8886,788,1379,421219,44357,2393,1360,0,0.96,1.42,0.59,0.57
puruh,5e82ec572c51ea7211363ad7,349,2478,3390,6737,3206,10064,21460,5021,3511,976922,136748,16329,8045,0,0.73,2.1,0.47,1.43
kayh,5d68429fa7311ea897d2c5c8,184,1167,3036,6951,2929,10387,9459,6388,3327,663102,114178,22661,5738,0,0.38,2.37,1.1,1.92
lotoxy,51a38d890cf22b91342782d4,13,40,79,264,78,386,449,181,86,26517,5486,992,595,0,0.51,3.38,0.86,2.1
MoiMoor,5fd2e8b67bd87ce97de963eb,3,1,1,5,1,9,10,2,1,441,41,24,6,0,1.0,5.0,0.9,2.0
DaddyDemonic,60c356aea247714526fbf58c,9,13,103,44,102,222,176,6,99,35902,4700,765,170,0,0.13,0.43,1.26,0.06
Ryuko2008,60f2f47e67dc42da8c875873,20,70,364,187,364,626,1340,108,354,63392,7882,808,149,0,0.19,0.51,0.47,0.31
ZarbarTheWaifu,601bc0726d0493774c6390b3,3,6,16,11,17,54,50,4,17,5520,687,60,8,0,0.38,0.65,1.08,0.24
Abserviert,58cac8a65d870ddd8a542751,4,13,29,49,30,195,151,22,30,9715,1518,317,92,0,0.45,1.63,1.29,0.73
Iloma221,6056564067dc42da8cd194fd,48,94,1029,175,1002,1107,2380,46,952,230509,24211,3772,1002,0,0.09,0.17,0.47,0.05
k1d5,54730bccb70f478527d06a6c,172,777,2445,2755,2401,7288,12199,1486,2488,446524,74119,6892,5306,0,0.32,1.15,0.6,0.6
SkyblockIsDead,5f8366ad7bd87ce97dcfc79f,66,143,501,556,570,1818,1822,316,595,131364,17590,3776,2005,0,0.29,0.98,1.0,0.53
Sooser,5dfd4fc4a7311ea897d0005c,99,124,522,346,513,1760,1376,113,522,137357,18700,6483,2953,0,0.24,0.67,1.28,0.22
Xin___Yu,5d8118e4a7311ea897f94592,4,4,50,8,48,64,72,3,46,9573,1235,379,68,0,0.08,0.17,0.89,0.07
Exalo,567e5385de314c0f04500fa3,194,2101,1324,3991,1239,8747,15013,1726,1388,434837,61135,2252,2477,0,1.59,3.22,0.58,1.24
Gokiton,607e8735a247714526082b21,162,1197,1242,1895,1333,5279,8886,788,1379,421219,44357,2393,1360,0,0.96,1.42,0.59,0.57
Gamt,6259254fed1b1f213dacf260,681,4806,4590,16136,4810,19591,40346,7957,5189,1957404,216371,26617,9527,0,1.05,3.35,0.49,1.53
_Thorium,6235c70eed1b1f213dcc9d1b,389,3468,3307,8982,3367,11727,20985,4027,3660,1710364,195076,20467,9355,0,1.05,2.67,0.56,1.1
p2za,5f5b700267657b214d3bc733,234,1293,2629,4298,2707,8855,12721,2551,2856,850447,119356,24475,9307,0,0.49,1.59,0.7,0.89
Ankp,5ffe872067dc42da8c5d05f5,218,774,3683,3397,3566,9460,13092,2103,3428,765547,95857,11349,3786,0,0.21,0.95,0.72,0.61
Frank_lol_,5f0c2d3a6d0493774c83f86d,246,724,2258,2997,2205,7117,5505,1557,2362,635196,86452,21312,19836,4,0.32,1.36,1.29,0.66
SuyaRsis,5eb7b2ff5af71ee9c4a04fc1,299,2923,1740,6259,1887,10667,15751,2600,2158,1260435,157169,20730,7748,0,1.68,3.32,0.68,1.2
_qwqL,648104c62ae15aec49499c92,11,93,4,394,5,225,281,137,9,20205,2395,262,128,0,23.25,78.8,0.8,15.22
Juggernaut321,5e9197bf46bae398f24174d8,138,442,1958,1294,1978,3866,7349,551,2013,407267,54710,10218,8612,0,0.23,0.65,0.53,0.27
PlasticGerm8702,5ad0c143388f031aa120e6c7,587,2533,5075,14536,5043,20325,29304,8344,5391,1787365,239609,57965,18924,0,0.5,2.88,0.69,1.55
unwy,5f5c806667657b214d43ae8a,236,929,2671,3953,2549,6485,9744,2676,2711,624113,86524,15732,7078,0,0.35,1.55,0.67,0.99
wjlliam,555f642282aad7922a31c3a8,218,621,2033,2153,1905,3758,6845,1469,1976,539981,75751,10074,6215,0,0.31,1.13,0.55,0.74
Puntzakje,618ec2a9ece6d76054ffd21c,186,514,1002,1959,1020,3808,4061,1145,1068,311474,40884,9182,2703,0,0.51,1.92,0.94,1.07
ujung,522c6f2c0cf2ded76f7e66c0,476,4109,3532,18589,3458,27787,23376,10137,4361,1657012,253673,42718,14774,0,1.16,5.38,1.19,2.32
Maniac_Monkey,5613489fde314c0f04ca9278,87,142,1452,646,1444,3189,3922,385,1443,312054,48457,10494,5550,0,0.1,0.45,0.81,0.27
hhgt,62ad688ced1b1f213dbf4331,354,2067,3700,8164,3784,13822,17003,4562,3916,1188810,148355,20878,4578,0,0.56,2.16,0.81,1.16
Twoaster,549f0540b70f478527ec63d6,723,8075,1941,26732,1823,27400,29835,18488,3075,1903698,374614,80267,28631,0,4.16,14.66,0.92,6.01
Applecqke,5a34093f71b30c60a757de8b,837,9303,6260,32042,6432,28362,41245,14100,7330,3150951,415007,21488,30865,0,1.49,4.98,0.69,1.92
CrSui,5dea492dde844516353a66cb,57,545,330,1976,361,2231,1647,1119,509,191468,26911,4920,2352,1,1.65,5.47,1.35,2.2
gvinixo,549e1164b70f478527ea38a2,206,572,2303,2048,2288,7400,10988,732,2315,444027,54907,6611,2959,0,0.25,0.9,0.67,0.32
Yeagerist,618566e7ed1b1f213dc587ff,621,4848,3466,21627,3685,19556,28004,11064,4357,1773191,218527,25895,15267,0,1.4,5.87,0.7,2.54
MayorOfHamburg,5909cd68457d77320a59d2b9,1730,19611,5683,71134,5798,65456,67321,37867,8437,4288329,693299,126875,59007,106,3.45,12.27,0.97,4.49
vseee,54bbd6c7b70f4785270e6048,129,438,1244,2085,1243,5355,5702,1476,1327,367840,56689,9014,4136,0,0.35,1.68,0.94,1.11
ccun,55d52f82de314c0f0400e596,321,2491,2890,6452,3029,12889,19434,2241,3286,865228,111914,10041,4909,0,0.86,2.13,0.66,0.68
PlasticGerm8702,5ad0c143388f031aa120e6c7,587,2533,5075,14536,5043,20325,29304,8344,5391,1787365,239609,57965,18924,0,0.5,2.88,0.69,1.55
ItzMegadeptry,5fc552aa0911aa79f3c91ea0,32,114,380,656,399,1587,1689,504,424,99628,14459,2682,1060,3,0.3,1.64,0.94,1.19
Whaxiz,5d29a955b6963bf0069bfb3e,421,1834,2036,7343,2085,9191,15199,4280,2402,810156,114043,14234,9726,4,0.9,3.52,0.6,1.78
happygoofyear,602c54a36d0493774c108072,316,938,6570,6917,6117,16503,19679,5335,5726,1258741,170281,32213,10935,0,0.14,1.13,0.84,0.93
SvgeGuy,63d0301ced1b1f213d7955d2,83,159,313,785,316,1866,2089,227,313,142316,15854,3136,2302,0,0.51,2.48,0.89,0.73
rl_101,64fd9cd0941308034ee9df40,63,260,573,868,598,1607,3355,351,591,205471,23111,1535,1363,0,0.45,1.45,0.48,0.59
ClayBlockzz,657dc18eed1b1f213dc80366,14,27,43,152,43,200,244,108,48,18688,2378,401,58,1,0.63,3.53,0.82,2.25
Ssaurus,5dfa19f2a7311ea897e3a2ee,76,222,1529,810,1523,2625,5929,471,1544,247175,31924,3928,910,0,0.15,0.53,0.44,0.31
Misty818,5f8b11800911aa79f3d3e46d,232,1282,2042,5744,2077,8242,10910,3064,2397,843297,113991,27653,11756,0,0.63,2.77,0.76,1.28
PrimitiveSponge,5606996cde314c0f049ede4c,118,628,966,2184,805,7355,6569,993,887,297415,48178,7724,5341,4,0.65,2.71,1.12,1.12
Attinathor,6364011e5c278d14d085b6c7,64,347,1557,469,1579,2257,4545,164,1519,273751,25342,2981,2462,0,0.22,0.3,0.5,0.11
Kid_Cameron,57fb67e4ee7bc4743062afa6,55,104,1549,236,1545,1192,3731,129,1540,220374,28866,3221,1500,0,0.07,0.15,0.32,0.08
Neralu,63e2c5f8ed1b1f213d0010c3,321,3434,638,12418,722,9652,11819,5188,1233,834536,111865,12613,6285,0,5.38,17.2,0.82,4.21
Schxle,6006e5ea6d0493774c10f77c,220,1093,1868,5858,1846,7233,8496,3808,2171,636746,92538,21298,9726,0,0.59,3.17,0.85,1.75
G106,6340e9dffb091d740b350d2c,36,183,403,802,413,1901,2529,331,414,141407,13856,1209,901,0,0.45,1.94,0.75,0.8
HotAmy,6176403eece6d7605447b20e,668,6249,2734,15508,2991,14109,22573,6273,3535,1826591,216026,34602,19235,0,2.29,5.18,0.63,1.77
Haudraufienix,5b48d9d0388f031aa13e23fe,1206,17416,3088,45094,3617,25452,54224,11892,4949,3833432,443007,23202,15329,0,5.64,12.47,0.47,2.4
JE55ICA,5eacf32a6d0493774c3e42df,1008,3008,4172,6340,4288,14487,26010,3016,4612,2103902,251984,51831,20387,0,0.72,1.48,0.56,0.65
vezuri,64a0fbdc2ae15aec497d909e,170,1698,898,3323,979,4652,7617,1136,1110,547579,54680,7110,3672,4,1.89,3.39,0.61,1.02
Misfiti,5e116f0bde8445163578ff35,35,136,305,230,301,893,1344,84,304,83174,10199,1916,512,0,0.45,0.76,0.66,0.28
to2048tw,61682e55ed1b1f213d1a9ae5,23,190,486,198,496,805,1655,39,465,114305,9623,576,502,1,0.39,0.4,0.49,0.08
Wzox,64942bded908bd5809d4fbf0,56,235,790,543,798,1500,2408,354,791,234124,21797,3725,2394,0,0.3,0.68,0.62,0.45
Tjebbe6,5938134c35643585479ca61d,193,661,1733,2133,1647,5081,9383,1404,1624,451321,58065,11693,5245,0,0.38,1.3,0.54,0.86
oDeath,61b8fd91941308034e7b9cce,320,2520,8003,7282,8135,15635,30665,4193,8184,1570180,176971,22604,11017,0,0.31,0.9,0.51,0.51
Waffledd,5bcf486b553d396da76665f1,136,489,2283,873,2224,2517,6209,359,2219,586236,68343,4974,2593,1,0.21,0.39,0.41,0.16
4417,5e8afa8246bae398f29e0f97,1030,7068,2257,27437,2465,28538,27720,16138,3732,2401957,324055,54454,24563,0,3.13,11.13,1.03,4.32
Lxc4_,5f9980c97bd87ce97d5f142b,835,8978,2139,29373,2255,26421,34623,14468,3300,2013070,276454,46026,15753,0,4.2,13.03,0.76,4.38
3ycr,5b33d15d388f031aa1c87619,428,2536,3729,8367,3657,16081,18433,6087,4165,1328011,186975,35373,15151,0,0.68,2.29,0.87,1.46
Get,5415c00448b8f1e1e64650ec,43,262,213,977,218,1211,1370,509,245,83154,12171,1808,880,2,1.23,4.48,0.88,2.08
havked,64bfa2852ae15aec49564df8,274,2553,564,10669,634,7547,11369,4567,833,656032,88792,9706,5555,0,4.53,16.83,0.66,5.48
__PaperTiger__,62cc0a66fb091d740b649edd,74,216,2670,920,2659,2955,6833,521,2574,445823,48325,6621,3666,0,0.08,0.35,0.43,0.2
Metalkid84,5f3d49987bd87ce97dbebfaa,26,106,549,353,545,1510,1841,112,532,122727,14524,2249,568,0,0.19,0.65,0.82,0.21
pyneapple_,5ded98f8de844516352c5c54,62,200,842,646,830,1976,3821,415,855,161747,25693,8158,3849,0,0.24,0.78,0.52,0.49
rl_101,64fd9cd0941308034ee9df40,63,260,573,868,598,1607,3355,351,591,205471,23111,1535,1363,0,0.45,1.45,0.48,0.59
VitorSwiss,5b3e6548388f031aa1eb02d7,1270,13896,9497,54917,9451,62858,63229,47417,13256,4557950,841055,167066,55040,0,1.46,5.81,0.99,3.58
shadowmarcy,618fa8b9ece6d76054e9abf6,628,7607,4173,25445,4171,26019,37136,15077,5288,2540044,302652,44471,16906,0,1.82,6.1,0.7,2.85
davelivinlife,62cc62595c278d14d026ad2c,2,1,7,7,7,17,10,3,7,1340,135,10,9,0,0.14,1.0,1.7,0.43
Haudraufienix,5b48d9d0388f031aa13e23fe,1206,17416,3088,45094,3617,25452,54224,11892,4949,3833432,443007,23202,15329,0,5.64,12.47,0.47,2.4
Jabox1908,63765b00ef8c7aa0c375f56c,81,200,2069,1130,2072,4502,5433,552,2004,427113,50709,8996,5646,0,0.1,0.55,0.83,0.28
Zyske,528954330cf2a23777f03bb1,335,978,3737,4019,3692,12920,6697,1275,2880,1241335,140997,23565,14569,1,0.26,1.09,1.93,0.44
oBerrie,62a24618fb091d740b2dcb36,508,1828,7879,8578,7835,13778,25935,6851,7115,1808820,200759,19974,6636,0,0.23,1.09,0.53,0.96
2893018490182487,5d5db5ce1350339c5ab2666c,775,8316,4848,17824,5139,22760,42900,8741,5869,2130292,280189,30189,11407,0,1.72,3.47,0.53,1.49
Creep_Hyp,5cbd5af838200698db28e3b6,1206,17501,4393,56804,4636,46442,70243,26489,5954,4096566,603406,68951,28004,0,3.98,12.25,0.66,4.45
Katteris,62221d3d5404acc20b1155a1,59,754,28,3079,35,2056,1503,1728,54,121641,17505,2517,431,0,26.93,87.97,1.37,32.0
Sneyfi,5b6efedd388f031aa1937fe1,303,349,2507,1749,2440,5887,6442,1242,2514,670092,91112,9970,7316,0,0.14,0.72,0.91,0.49
ModernLegendsLP,5a9efc9071b30c60a717f964,2099,15179,6444,55463,6888,59764,63705,30992,9117,5257812,800750,166496,47419,0,2.36,8.05,0.94,3.4
tyslikq,65510e9f2ae15aec49fad6d4,22,63,90,373,92,315,296,273,109,36476,4817,1122,667,0,0.7,4.05,1.06,2.5
lenvble,5479f17eb70f478527d14d7d,482,4420,3361,12097,3457,17375,24967,5227,3935,1633942,204382,21525,11754,0,1.32,3.5,0.7,1.33
PlasticGerm8702,5ad0c143388f031aa120e6c7,587,2533,5075,14536,5043,20325,29304,8344,5391,1787365,239609,57965,18924,0,0.5,2.88,0.69,1.55
2893018490182487,5d5db5ce1350339c5ab2666c,775,8316,4848,17824,5139,22760,42900,8741,5869,2130292,280189,30189,11407,0,1.72,3.47,0.53,1.49
Skyhelpe,610ac93267dc42da8ce66007,522,3262,3335,12264,3390,13680,21175,5417,3784,1498571,180535,19430,9098,0,0.98,3.62,0.65,1.43
raeuber_1111,62095b24fb091d740b62e82a,51,91,1355,462,1345,2374,5232,230,1268,172903,25690,2202,1588,0,0.07,0.34,0.45,0.18
jvst_Gamergurl,5fe4e5dc7bd87ce97db0aa41,213,1404,1589,3281,1570,8269,9517,1316,1575,591371,60402,4262,6004,0,0.88,2.09,0.87,0.84
vdems,63e0d93d3eb3f743fbc41b9f,75,399,1056,775,1091,2650,3425,186,891,323012,30833,4637,1150,0,0.38,0.71,0.77,0.21
pesis,648abe7b2ae15aec49df15f3,221,791,457,3159,474,3882,4241,1998,624,341979,41892,7933,3545,0,1.73,6.66,0.92,3.2
Savekappa,5e33fb7ca7311ea89747597f,228,1278,1261,4585,1289,6249,8667,1807,1451,481971,60960,5467,4354,0,1.01,3.56,0.72,1.25
iluvpuma,5f885cc567657b214dc185ed,610,6872,4850,19158,4910,23610,48583,9536,5570,2120480,261296,20704,13348,1,1.42,3.9,0.49,1.71
KittenJulie,5c2b89cd2bdd021de70e4b36,855,17953,2667,24291,2418,23618,32033,8670,2784,1747639,179320,17877,7874,0,6.73,10.05,0.74,3.11
nerdoron,540c4de248b8f1e1e64587e2,93,1210,1371,2940,1303,5765,8582,1525,1410,366543,65251,11177,4572,0,0.88,2.26,0.67,1.08
cergio,58bc5d72d005d6a6f14e511b,628,5206,3482,18370,3385,24068,28408,8356,3934,1481727,219178,30426,20937,0,1.5,5.43,0.85,2.12
i_will_eat_child,614485b0fb091d740be085d7,116,569,2228,2744,2225,4840,6092,1854,2361,501416,66533,13948,8453,1,0.26,1.23,0.79,0.79
ItsDany652,65396c46941308034ebafd9e,132,351,1042,807,1058,2587,2454,453,999,231616,21874,3685,2628,0,0.34,0.76,1.05,0.45
_LuzNoceda_,63eaa0a83eb3f743fb7cc313,54,133,640,440,645,1190,2426,254,648,224763,23480,3198,1375,0,0.21,0.68,0.49,0.39
Nohachi_,5f79add167657b214df939de,223,1412,1622,3039,1694,5487,7499,1145,1763,612386,64763,6125,3531,10,0.87,1.79,0.73,0.65
Redstonkill,61c7878bed1b1f213d6fe8e4,33,57,222,97,232,297,612,66,232,68497,7348,505,544,0,0.26,0.42,0.49,0.28
Kekkujake,5d98399ba7311ea8979918ed,155,860,753,2529,787,3700,5685,1176,914,326653,46230,4433,2578,0,1.14,3.21,0.65,1.29
Nuggetnes,5de9d9da5eb0c37f136900cc,200,944,2015,1226,1965,3317,6677,626,2013,481405,56515,3714,2510,2,0.47,0.62,0.5,0.31
Mineatic1,6442bb7ced1b1f213d3d1fce,163,363,2378,1441,2415,3750,7788,946,2186,518485,53607,7626,4188,0,0.15,0.6,0.48,0.43
KittenJulie,5c2b89cd2bdd021de70e4b36,855,17953,2667,24291,2418,23618,32033,8670,2784,1747639,179320,17877,7874,0,6.73,10.05,0.74,3.11
Stichus,5ec628decf6ea346e0468609,21,79,320,284,351,1591,1085,163,355,120268,17026,3165,1385,0,0.25,0.81,1.47,0.46
0rdinaryChaos,51b1a6ca0cf2a380058c74dc,827,17975,6764,19414,6930,19280,34882,6202,5174,2515893,247634,15336,5886,0,2.66,2.8,0.55,1.2
o_Topo,641f22a8ed1b1f213d2f3231,325,1262,248,5008,271,4520,5166,2314,432,412736,50876,8838,3931,0,5.09,18.48,0.87,5.36
enariii,615c30ecfb091d740b44ec23,27,105,511,534,518,943,1560,271,478,96825,10572,500,1937,0,0.21,1.03,0.6,0.57
Lonely_Nubs,5ece0c5fcf4b8997aa6ed1ae,189,1041,5507,3213,5297,10404,21257,1515,4906,977387,118509,14655,7719,2,0.19,0.61,0.49,0.31
NoSweatings,5eae289a6d0493774ccb2987,327,1761,2952,6419,2887,8911,16792,3963,3102,818334,117260,13009,7512,0,0.6,2.22,0.53,1.28
untakenn,5f6e2ba57bd87ce97d349d8a,54,468,65,1499,75,1219,1705,753,120,83881,13880,1663,604,1,7.2,19.99,0.71,6.28
QIfz,5c14e9291c8cd1f262e71d1a,274,1096,2275,4167,2238,7867,10068,3236,2486,708737,102340,19791,4864,0,0.48,1.86,0.78,1.3
Noob_Playz_GAMEZ,65120c14d908bd5809025224,4,4,62,25,62,84,131,29,50,11054,1247,83,47,0,0.06,0.4,0.64,0.58
BabyJaYyoi,60c63461a2477145264d78c6,516,3869,1009,12993,1185,12006,16866,3623,1545,1272861,138069,10524,6516,0,3.83,10.96,0.71,2.34
QWERTZ_EXE,60cba9116d0493774cc37456,285,303,3253,1791,3192,5281,8167,1501,3170,687907,76499,10168,7443,0,0.09,0.56,0.65,0.47
PlasticGerm8702,5ad0c143388f031aa120e6c7,588,2533,5075,14536,5043,20325,29304,8344,5391,1787365,239609,57965,18924,0,0.5,2.88,0.69,1.55
peshiIsthebest,6529794fd908bd5809b8ae0f,13,44,327,53,334,228,998,30,275,54255,4974,416,140,0,0.13,0.16,0.23,0.11
Oh7,567d8a7bde314c0f044a7ece,314,3303,1761,13693,1748,18135,17062,5319,2261,895761,141781,15826,7768,1,1.88,7.83,1.06,2.35
Loop,63a3a7dced1b1f213d8873d3,32,267,40,608,51,593,836,172,64,56375,6278,366,223,0,6.67,11.92,0.71,2.69
Danteo_,6267e38d5404acc20b950013,2,16,3,22,3,20,44,4,4,2611,210,34,24,1,5.33,7.33,0.45,1.0
NiceDreamy,64da22282ae15aec496ac326,93,120,2450,1201,2454,3338,6369,1106,2294,360611,34700,3280,1202,0,0.05,0.49,0.52,0.48
Barthlink,635fd51e5c278d14d0b5c0bf,6,6,85,29,86,130,178,6,77,30614,3003,463,184,0,0.07,0.34,0.73,0.08
FairJK,6060606d6d0493774c649d40,113,407,915,1851,909,3564,3944,1286,969,229526,29898,2722,1292,0,0.44,2.04,0.9,1.33
LuvReyadh,6420f5e3ed1b1f213d90fc49,33,613,30,2306,43,1795,1987,1004,73,124269,15950,1642,524,0,20.43,53.63,0.9,13.75
Moinsen86,5fd746860911aa79f3bde948,127,304,1535,2021,1519,5100,6348,1450,1559,452892,57644,10156,5460,2,0.2,1.33,0.8,0.93
7443,628e13defb091d740bb6f4d5,155,620,340,2592,352,3455,2572,1710,486,235143,32062,5921,2178,4,1.82,7.36,1.34,3.52
oPatate,635855175c278d14d022b1e7,406,2384,3485,10780,3591,10681,21207,6272,3873,1167143,139973,16843,9818,0,0.68,3.0,0.5,1.62
FoxGamingVN,532ac386fa32dc5269093641,14,24,171,170,151,379,493,145,157,33094,6025,1221,731,0,0.14,1.13,0.77,0.92
fungimungimoo,630d60cf941308034ec12472,13,86,202,534,205,691,867,336,214,59812,8127,1336,660,0,0.43,2.6,0.8,1.57
Kokioo,5e9563e746bae398f27fdac6,147,276,2390,1056,2411,3715,5201,576,2314,522867,61497,11309,6335,0,0.12,0.44,0.71,0.25
Yukiikuma,6562084c2ae15aec49e72739,11,48,177,157,180,501,697,37,167,57529,5882,733,538,0,0.27,0.87,0.72,0.22
pisrq,5c15df3e2bdd021de782467a,181,809,3641,2673,3142,3949,12095,2080,3120,527686,88075,7569,2957,0,0.22,0.85,0.33,0.67
chortler,54079d4a48b8f1e1e644eefd,1278,22089,2966,89587,3249,42008,57331,25953,5231,4975604,604173,84272,31466,0,7.45,27.57,0.73,4.96
xKun,5dcf4edba7311ea8976677af,670,7627,5023,14322,5225,17426,42251,5991,5524,2471002,287518,43781,15486,0,1.52,2.74,0.41,1.08
SplashNation,62ab21095c278d14d0d57d79,761,5142,645,16293,647,13639,17798,4374,922,1384820,146728,9391,6481,0,7.97,25.18,0.77,4.74
TheRealWavy,5bf96ccc0691cfdb17cb7622,869,19115,9973,32889,8218,33420,65201,15506,9037,3007782,398406,17804,11823,0,1.92,4.0,0.51,1.72
chlcwe,564038fcde314c0f04634576,509,5286,2757,17991,2882,21754,23534,8098,3514,1346708,186473,19234,5741,0,1.92,6.24,0.92,2.3
janbub,5a82beb7388f031aa1064d23,410,1242,3325,4142,3524,7014,16193,2921,3660,892842,123813,23678,13580,10,0.37,1.18,0.43,0.8
GetTasty,59c33db33564358547583fb2,269,2083,898,4906,1002,5789,11805,1832,1108,680650,72151,5751,2518,0,2.32,4.9,0.49,1.65
